{"cameraMode":{"drawMode":0,"name":"Shaded","section":"Shading Mode"},"sceneLighting":true,"audioPlay":false,"sceneViewState":{"showFog":true,"showMaterialUpdate":true,"showSkybox":true,"showFlares":true,"showImageEffects":true,"showParticleSystems":true},"in2DMode":false,"pivot":{"x":564.0262451171875,"y":291.1186828613281,"z":8.622673034667969},"rotation":{"x":-0.07193715125322342,"y":0.00448863347992301,"z":-0.00032368407119065523,"w":-0.997399091720581},"size":796.0411987304688,"orthographic":false}