{"cameraMode":{"drawMode":0,"name":"Shaded","section":"Shading Mode"},"sceneLighting":true,"audioPlay":false,"sceneViewState":{"showFog":true,"showMaterialUpdate":true,"showSkybox":true,"showFlares":true,"showImageEffects":true,"showParticleSystems":true},"in2DMode":false,"pivot":{"x":439.8638916015625,"y":204.66290283203126,"z":-27.741363525390626},"rotation":{"x":-0.06285077333450318,"y":-0.05835035815834999,"z":0.0036809996236115696,"w":-0.9963089227676392},"size":882.6012573242188,"orthographic":false}